{
    "1": {
        "name": "Camera Right",
        "type": "lifecam",
        "fps": 15,
        "width": 640,
        "height": 480,
        "transform": [
            [
                0.707106781,
                0.707106781,
                0.0,
                0.0
            ],
            [
                0.0,
                -0.0,
                -1.0,
                0.32385
            ],
            [
                -0.707106781,
                0.707106781,
                -0.0,
                0.1524
            ],
            [
                0.0,
                0.0,
                0.0,
                1.0
            ]
        ]
    },
    "2": {
        "name": "Camera Left",
        "type": "lifecam",
        "fps": 15,
        "width": 640,
        "height": 480,
        "transform": [
            [
                0.707106781,
                -0.707106781,
                0.0,
                0.0
            ],
            [
                0.0,
                -0.0,
                1.0,
                -0.3285
            ],
            [
                -0.707106781,
                -0.707106781,
                -0.0,
                0.1524
            ],
            [
                0.0,
                0.0,
                0.0,
                1.0
            ]
        ]
    }
}