{
    "tag_size": 0.2032,
    "tag_family": "tag16h5",
    "tags": {
        "1": {
            "transformation": [[-1.0, -1.2246467991473532e-16, 0.0, 0.0], [1.2246467991473532e-16, -1.0, 0.0, 0.0], [-0.0, 0.0, 1.0, 0.0], [0.0, 0.0, 0.0, 1.0]]
        }
    }
}