{
    "tag_size": 0.2032,
    "tag_family": "tag16h5",
    "tags": {
        "1": {
            "transformation": [[-1.0, 0.0, 0.0, 7.2431], [0.0, -1.0, 0.0, -2.93659], [0.0, 0.0, 1.0, 0.46272], [0.0, 0.0, 0.0, 1.0]]
        },
        "2": {
            "transformation": [[-1.0, 0.0, 0.0, 7.2431], [0.0, -1.0, 0.0, -1.26019], [0.0, 0.0, 1.0, 0.46272], [0.0, 0.0, 0.0, 1.0]]
        },
        "3": {
            "transformation": [[-1.0, 0.0, 0.0, 7.2431], [0.0, -1.0, 0.0, 0.41621], [0.0, 0.0, 1.0, 0.46272], [0.0, 0.0, 0.0, 1.0]]
        },
        "4": {
            "transformation": [[-1.0, 0.0, 0.0, 7.90832], [0.0, -1.0, 0.0, 2.74161], [0.0, 0.0, 1.0, 0.695452], [0.0, 0.0, 0.0, 1.0]]
        },
        "5": {
            "transformation": [[1.0, 0.0, 0.0, -7.90832], [0.0, 1.0, 0.0, 2.74161], [0.0, 0.0, 1.0, 0.695452], [0.0, 0.0, 0.0, 1.0]]
        },
        "6": {
            "transformation": [[1.0, 0.0, 0.0, -7.2431], [0.0, 1.0, 0.0, 0.41621], [0.0, 0.0, 1.0, 0.46272], [0.0, 0.0, 0.0, 1.0]]
        },
        "7": {
            "transformation": [[1.0, 0.0, 0.0, -7.2431], [0.0, 1.0, 0.0, -1.26019], [0.0, 0.0, 1.0, 0.46272], [0.0, 0.0, 0.0, 1.0]]
        },
        "8": {
            "transformation": [[1.0, 0.0, 0.0, -7.2431], [0.0, 1.0, 0.0, -2.93659], [0.0, 0.0, 1.0, 0.46272], [0.0, 0.0, 0.0, 1.0]]
        }
    }
}