{
  "rms": 0.9988944267052078,
  "camera_matrix": [
    [
      966.6755277057727,
      0.0,
      653.9475842729643
    ],
    [
      0.0,
      961.9081217060867,
      377.9848822296369
    ],
    [
      0.0,
      0.0,
      1.0
    ]
  ],
  "dist_coefs": [
    -0.016614142464272563,
    -0.07806374302785261,
    0.007351259188908908,
    -0.0012009467415949136,
    0.09697992917121022
  ],
  "detector": {
    "nthreads": 4,
    "quad_decimate": 2.0,
    "quad_sigma": 1.0,
    "refine_edges": 2,
    "decode_sharpening": 0.25
  }
}