{
    "rms": 3.0819054757805393,
    "camera_matrix": [
        [
            635.6255222672802,
            0.0,
            292.59442447893974
        ],
        [
            0.0,
            630.1502096589998,
            215.95593641078128
        ],
        [
            0.0,
            0.0,
            1.0
        ]
    ],
    "dist_coefs": [
        0.15674312937554735,
        -1.2778151184357254,
        0.0,
        0.0,
        2.054842295443239
    ]
}