{
  "camera_matrix": [
    [
      780.4418055886887,
      0,
      635.6442317988214
    ],
    [
      0,
      782.5988945533195,
      352.1984468673413
    ],
    [
      0,
      0,
      1
    ]
  ],
  "dist_coefs": [
    0.11969249804581453,
    -0.300196958251504,
    -0.00003862387351603198,
    -0.0009109058121869727,
    0.15443464355123507
  ],
  "rms": 1.1766619752474266,
  "detector": {
    "nthreads": 4,
    "quad_decimate": 1.0,
    "quad_sigma": 0.0,
    "refine_edges": 1,
    "decode_sharpening": 0.25
  }
}